AT&T Bell Laboratories, Murray Hill, New Jersey 07974---907861
Akademiia Nauk SSSR, Fizicheskii Institut, Moscow, USSR---902955
Argonne National Lab., IL.---922121
Argonne National Laboratory, 60439-4815,, Argonne, IL, USA---922121
Argonne National Laboratory, Argonne, Illinois 60439, USA---922121
Argonne National Laboratory, Argonne, Illinois 60439---922121
Bell Laboratories, Murray Hill, New Jersey 07974---907861
Brookhaven National Laboratory, Upton, New York 11973, USA---902689
Brookhaven National Laboratory, Upton, New York 11973---902689
Budker Institute of Nuclear Physics, Novosibirsk 630090, Russia---903088
Budker Institute of Nuclear Physics, Novosibirsk---903088
CERN, CH-1211 Geneva 23, Switzerland---902725
CERN, European Organization for Nuclear Research, Geneva, Switzerland---902725
CERN, European Organization for Nuclear Research---902725
CERN, Geneva, Switzerland---902725
CERN---902725
CNRS---926589
California Institute of Technology, Pasadena, California 91125, USA---1118206
California Institute of Technology, Pasadena, California 91125---1118206
California Institute of Technology---1118206
Cornell University, Ithaca, New York 14853, USA---911819
Cornell University, Ithaca, New York 14853---911819
DESY---902770
Department of Physical Chemistry, Institute of Chemical Technology---903888
Enrico Fermi Institute, University of Chicago, Chicago, Illinois 60637, USA---902730
Fakultät für Mathematik und Physik, Albert-Ludwigs-Universität, Freiburg i.Br., Germany---903994
Fermi National Accelerator Laboratory, Batavia, IL 60510, USA---902796
Fermi National Accelerator Laboratory, Batavia, Illinois 60510, USA---902796
Fermi National Accelerator Laboratory, Batavia, Illinois 60510---902796
Fermi National Accelerator Laboratory---902796
Imperial College, London, United Kingdom---902868
Institute of High Energy Physics, Beijing 100039, People's Republic of China---903123
Institute of High Energy Physics, Beijing 100049, People's Republic of China---903123
Institute of Physics, Academia Sinica, Taipei 11529, Taiwan---904413
Institute of Physics, Academia Sinica, Taipei, Taiwan 11529, Republic of China---904413
Jet Propulsion Lab. (USA)---903951
Jet Propulsion Lab., California Inst. of Tech., Pasadena---903951
Joint Institute for Nuclear Research, Dubna, Russia---902780
Joint Institute for Nuclear Research---902780
Laboratoire de Physique des Particules (LAPP), IN2P3-CNRS, F-74019 Annecy-le-Vieux Cedex, France---903421
Laboratoire de Physique des Particules, F-74941 Annecy-le-Vieux, France---903421
Los Alamos National Lab., NM.---902968
Los Alamos National Laboratory, Los Alamos, New Mexico 87545, USA---902968
Los Alamos National Laboratory, Los Alamos, New Mexico 87545---902968
Los Alamos National Laboratory---902968
Los Alamos Scientific Lab., NM.---902968
MIT, Cambridge, MA---907455
Massachusetts Inst. of Tech., Cambridge---907455
Massachusetts Institute of Technology, Cambridge, MA 02139, USA---907455
Massachusetts Institute of Technology, Cambridge, Massachusetts 02139, USA---907455
Massachusetts Institute of Technology---907455
Michigan State University, East Lansing, Michigan 48824, USA---955122
Moskovskii Gosudarstvennyi Universitet, Moscow, USSR---914910
NASA, Goddard Space Flight Center, Greenbelt, MD---903048
National Aeronautics and Space Administration. Lewis Research Center, Cleveland, OH.---903571
Naval Research Lab., Washington, DC.---903054
Oak Ridge National Lab., TN.---1118330
Petersburg Nuclear Physics Institute---902960
Physikalisches Institut das RWTH-Aachen, D-52056, Aachen, Germany---902624
Physikalisches Institut, University of Bonn, Bonn, Germany---902676
Princeton University---1118336
SLAC National Accelerator Laboratory, Stanford, California 94309 USA---903206
Sandia National Labs., Albuquerque, NM.---903624
Stanford Linear Accelerator Center, Stanford, California 94309, USA---903206
University of Geneva, CH-1211 Geneva 4, Switzerland---913279
University of Illinois, Urbana, Illinois 61801, USA---1112663
University of Liverpool, Liverpool L69 7ZE, United Kingdom---926895
University of Maryland, College Park, Maryland 20742, USA---912511
University of Michigan, Ann Arbor, Michigan 48109, USA---946081

# No matching record.
Abilene Christian University, Abilene, Texas 79699, USA
Adelphi University, Garden City, New York 11530
Aomori University, Aomori
B, OH.
California Univ., Berkeley. Lawrence Berkeley Lab
Carnegie Mellon University, Pittsburgh, Pennsylvania 15213, USA
Department of Chemistry, University of Rajasthan
Ernest Orlando Lawrence Berkeley National Laboratory, Berkeley, California 94720, USA
Huazhong University of Science and Technology (China)
Institute of Chemical Process Fundamentals, Academy of Sciences
Institute of Physical Chemistry, Martin Luther University
Joint Publications Research Service, Arlington, VA.
Lawrence Berkeley National Laboratory and University of California, Berkeley, California 94720, USA
Lawrence Livermore National Lab., CA.
Lawrence Livermore National Laboratory
Materials Phases Data System
Purdue University, West Lafayette, Indiana 47907, USA
Scientific Consulting Company Structure-Properties
Texas A&M University, College Station, Texas 77843, USA
Universidad de Buenos Aires, Buenos Aires, Argentina
Universidad de los Andes, Bogotá, Colombia
University of California, Davis, Davis, California 95616, USA
University of Colorado, Boulder, Colorado 80309, USA
University of Florida, Gainesville, Florida 32611
University of Florida, Gainesville, Florida 32611, USA
University of Oregon, Eugene, Oregon 97403, USA
University of Paris VII
University of Pennsylvania, Philadelphia, Pennsylvania 19104, USA
University of Rochester, Rochester, New York 14627, USA
University of Tsukuba, Tsukuba, Ibaraki 305, Japan
University of Wisconsin, Madison, Wisconsin 53706, USA
